{
  "project_info": {
    "project_number": "973659664248",
    "firebase_url": "https://new-mind-kingdom.firebaseio.com",
    "project_id": "new-mind-kingdom",
    "storage_bucket": "new-mind-kingdom.appspot.com"
  },
  "client": [
    {
      "client_info": {
        "mobilesdk_app_id": "1:973659664248:android:91ee2cc65299b2e137628d",
        "android_client_info": {
          "package_name": "com.example.xaviernara.newmindapp"
        }
      },
      "oauth_client": [
        {
          "client_id": "973659664248-gpbi4nkphur2f863ve582lobv4g4nvlv.apps.googleusercontent.com",
          "client_type": 1,
          "android_info": {
            "package_name": "com.example.xaviernara.newmindapp",
            "certificate_hash": "d800da8fa59b9086f6a9347ededd66643a3a6830"
          }
        },
        {
          "client_id": "973659664248-04g76ls2r0tt2hfc2f127l464ee5tirk.apps.googleusercontent.com",
          "client_type": 3
        }
      ],
      "api_key": [
        {
          "current_key": "AIzaSyCOukOMw1u0K6K5IxphfuKMk3gA26wFd8k"
        }
      ],
      "services": {
        "appinvite_service": {
          "other_platform_oauth_client": [
            {
              "client_id": "973659664248-04g76ls2r0tt2hfc2f127l464ee5tirk.apps.googleusercontent.com",
              "client_type": 3
            }
          ]
        }
      }
    }
  ],
  "configuration_version": "1"
}